OBJECTID,Date,Date_X,Date_Y,Type,Current_Year,Previous_Year
1461,01/01,,,Inbound Commuters,9299,9169
1462,01/01,,,Out-of-Market Visitors,59128,57340
1463,01/01,,,Residents,143266,142939
1464,01/01,,,Total,211693,209448
1465,01/02,,,Inbound Commuters,24845,27102
1466,01/02,,,Out-of-Market Visitors,79041,81664
1467,01/02,,,Residents,145927,144985
1468,01/02,,,Total,249813,253751
1469,01/03,,,Inbound Commuters,23821,27872
1470,01/03,,,Out-of-Market Visitors,86238,65705
1471,01/03,,,Residents,146615,144912
1472,01/03,,,Total,256674,238489
1473,01/04,,,Inbound Commuters,12950,28506
1474,01/04,,,Out-of-Market Visitors,94333,77439
1475,01/04,,,Residents,146626,146188
1476,01/04,,,Total,253909,252133
1477,01/05,,,Inbound Commuters,11262,28264
1478,01/05,,,Out-of-Market Visitors,65060,83829
1479,01/05,,,Residents,149451,145442
1480,01/05,,,Total,225773,257535
1481,01/06,,,Inbound Commuters,27759,15444
1482,01/06,,,Out-of-Market Visitors,64973,82091
1483,01/06,,,Residents,150895,144987
1484,01/06,,,Total,243627,242522
1485,01/07,,,Inbound Commuters,28717,13443
1486,01/07,,,Out-of-Market Visitors,62182,72932
1487,01/07,,,Residents,151281,146507
1488,01/07,,,Total,242180,232882
1489,01/08,,,Inbound Commuters,28622,29059
1490,01/08,,,Out-of-Market Visitors,65262,67069
1491,01/08,,,Residents,152342,146476
1492,01/08,,,Total,246226,242604
1493,01/09,,,Inbound Commuters,28040,28571
1494,01/09,,,Out-of-Market Visitors,70058,61003
1495,01/09,,,Residents,152102,146486
1496,01/09,,,Total,250200,236060
1497,01/10,,,Inbound Commuters,20714,29957
1498,01/10,,,Out-of-Market Visitors,53047,72852
1499,01/10,,,Residents,150311,145882
1500,01/10,,,Total,224072,248691
1501,01/11,,,Inbound Commuters,15389,30529
1502,01/11,,,Out-of-Market Visitors,74540,80254
1503,01/11,,,Residents,148622,147218
1504,01/11,,,Total,238551,258001
1505,01/12,,,Inbound Commuters,13586,26984
1506,01/12,,,Out-of-Market Visitors,65480,75602
1507,01/12,,,Residents,151256,146767
1508,01/12,,,Total,230322,249353
1509,01/13,,,Inbound Commuters,29176,14245
1510,01/13,,,Out-of-Market Visitors,70992,79351
1511,01/13,,,Residents,151720,143607
1512,01/13,,,Total,251888,237203
1513,01/14,,,Inbound Commuters,29056,11607
1514,01/14,,,Out-of-Market Visitors,70736,70254
1515,01/14,,,Residents,151069,144757
1516,01/14,,,Total,250861,226618
1517,01/15,,,Inbound Commuters,29418,19876
1518,01/15,,,Out-of-Market Visitors,75290,69483
1519,01/15,,,Residents,150013,147400
1520,01/15,,,Total,254721,236759
1521,01/16,,,Inbound Commuters,29347,23900
1522,01/16,,,Out-of-Market Visitors,73405,53897
1523,01/16,,,Residents,150247,146793
1524,01/16,,,Total,252999,224590
1525,01/17,,,Inbound Commuters,26915,28253
1526,01/17,,,Out-of-Market Visitors,83901,57034
1527,01/17,,,Residents,149662,146125
1528,01/17,,,Total,260478,231412
1529,01/18,,,Inbound Commuters,13428,30226
1530,01/18,,,Out-of-Market Visitors,83803,73754
1531,01/18,,,Residents,146184,146956
1532,01/18,,,Total,243415,250936
1533,01/19,,,Inbound Commuters,11315,29118
1534,01/19,,,Out-of-Market Visitors,69932,86178
1535,01/19,,,Residents,146438,148773
1536,01/19,,,Total,227685,264069
1537,01/20,,,Inbound Commuters,19802,15107
1538,01/20,,,Out-of-Market Visitors,66393,81086
1539,01/20,,,Residents,149722,147008
1540,01/20,,,Total,235917,243201
1541,01/21,,,Inbound Commuters,14674,11977
1542,01/21,,,Out-of-Market Visitors,28218,62796
1543,01/21,,,Residents,148748,149864
1544,01/21,,,Total,191640,224637
1545,01/22,,,Inbound Commuters,10621,29522
1546,01/22,,,Out-of-Market Visitors,29385,66339
1547,01/22,,,Residents,151723,147276
1548,01/22,,,Total,191729,243137
1549,01/23,,,Inbound Commuters,27203,30617
1550,01/23,,,Out-of-Market Visitors,62790,64999
1551,01/23,,,Residents,150095,144372
1552,01/23,,,Total,240088,239988
1553,01/24,,,Inbound Commuters,28343,30535
1554,01/24,,,Out-of-Market Visitors,76686,66452
1555,01/24,,,Residents,147777,145004
1556,01/24,,,Total,252806,241991
1557,01/25,,,Inbound Commuters,14925,29158
1558,01/25,,,Out-of-Market Visitors,79363,75077
1559,01/25,,,Residents,145550,146572
1560,01/25,,,Total,239838,250807
1561,01/26,,,Inbound Commuters,12139,28250
1562,01/26,,,Out-of-Market Visitors,65836,81836
1563,01/26,,,Residents,150982,146966
1564,01/26,,,Total,228957,257052
1565,01/27,,,Inbound Commuters,28708,13328
1566,01/27,,,Out-of-Market Visitors,62228,75182
1567,01/27,,,Residents,151585,142306
1568,01/27,,,Total,242521,230816
1569,01/28,,,Inbound Commuters,29958,13438
1570,01/28,,,Out-of-Market Visitors,74004,59617
1571,01/28,,,Residents,151876,144908
1572,01/28,,,Total,255838,217963
1573,01/29,,,Inbound Commuters,29876,29361
1574,01/29,,,Out-of-Market Visitors,65557,67096
1575,01/29,,,Residents,150997,146320
1576,01/29,,,Total,246430,242777
1577,01/30,,,Inbound Commuters,29670,29430
1578,01/30,,,Out-of-Market Visitors,69164,67511
1579,01/30,,,Residents,149752,146272
1580,01/30,,,Total,248586,243213
1581,01/31,,,Inbound Commuters,28350,31370
1582,01/31,,,Out-of-Market Visitors,74051,73502
1583,01/31,,,Residents,150802,146736
1584,01/31,,,Total,253203,251608
1585,02/01,,,Inbound Commuters,15609,29873
1586,02/01,,,Out-of-Market Visitors,86193,75493
1587,02/01,,,Residents,144514,148935
1588,02/01,,,Total,246316,254301
1589,02/02,,,Inbound Commuters,12504,28971
1590,02/02,,,Out-of-Market Visitors,65580,84688
1591,02/02,,,Residents,148522,147119
1592,02/02,,,Total,226606,260778
1593,02/03,,,Inbound Commuters,29613,16014
1594,02/03,,,Out-of-Market Visitors,65227,88566
1595,02/03,,,Residents,148818,146002
1596,02/03,,,Total,243658,250582
1597,02/04,,,Inbound Commuters,29417,10620
1598,02/04,,,Out-of-Market Visitors,62340,60027
1599,02/04,,,Residents,147746,149113
1600,02/04,,,Total,239503,219760
1601,02/05,,,Inbound Commuters,30027,28442
1602,02/05,,,Out-of-Market Visitors,63703,66865
1603,02/05,,,Residents,147279,149696
1604,02/05,,,Total,241009,245003
1605,02/06,,,Inbound Commuters,30205,29213
1606,02/06,,,Out-of-Market Visitors,68456,75191
1607,02/06,,,Residents,147185,147879
1608,02/06,,,Total,245846,252283
1609,02/07,,,Inbound Commuters,28674,29547
1610,02/07,,,Out-of-Market Visitors,93825,77545
1611,02/07,,,Residents,148326,147830
1612,02/07,,,Total,270825,254922
1613,02/08,,,Inbound Commuters,15623,29871
1614,02/08,,,Out-of-Market Visitors,93982,82320
1615,02/08,,,Residents,144079,148134
1616,02/08,,,Total,253684,260325
1617,02/09,,,Inbound Commuters,11828,28242
1618,02/09,,,Out-of-Market Visitors,78534,113161
1619,02/09,,,Residents,148301,146623
1620,02/09,,,Total,238663,288026
1621,02/10,,,Inbound Commuters,29353,15748
1622,02/10,,,Out-of-Market Visitors,64981,105161
1623,02/10,,,Residents,149772,141396
1624,02/10,,,Total,244106,262305
1625,02/11,,,Inbound Commuters,29208,12113
1626,02/11,,,Out-of-Market Visitors,78392,75316
1627,02/11,,,Residents,149901,146637
1628,02/11,,,Total,257501,234066
1629,02/12,,,Inbound Commuters,28554,27009
1630,02/12,,,Out-of-Market Visitors,75169,64847
1631,02/12,,,Residents,149350,147182
1632,02/12,,,Total,253073,239038
1633,02/13,,,Inbound Commuters,29783,29190
1634,02/13,,,Out-of-Market Visitors,92533,84059
1635,02/13,,,Residents,148545,147053
1636,02/13,,,Total,270861,260302
1637,02/14,,,Inbound Commuters,28690,29232
1638,02/14,,,Out-of-Market Visitors,90790,88960
1639,02/14,,,Residents,147217,148444
1640,02/14,,,Total,266697,266636
1641,02/15,,,Inbound Commuters,13831,28639
1642,02/15,,,Out-of-Market Visitors,84041,80696
1643,02/15,,,Residents,141047,147712
1644,02/15,,,Total,238919,257047
1645,02/16,,,Inbound Commuters,12700,27069
1646,02/16,,,Out-of-Market Visitors,70801,99852
1647,02/16,,,Residents,147325,146493
1648,02/16,,,Total,230826,273414
1649,02/17,,,Inbound Commuters,25106,12939
1650,02/17,,,Out-of-Market Visitors,80063,88750
1651,02/17,,,Residents,150479,140019
1652,02/17,,,Total,255648,241708
1653,02/18,,,Inbound Commuters,29969,11762
1654,02/18,,,Out-of-Market Visitors,82123,80450
1655,02/18,,,Residents,150045,143862
1656,02/18,,,Total,262137,236074
1657,02/19,,,Inbound Commuters,30320,24210
1658,02/19,,,Out-of-Market Visitors,81644,80404
1659,02/19,,,Residents,150433,147112
1660,02/19,,,Total,262397,251726
1661,02/20,,,Inbound Commuters,29179,29922
1662,02/20,,,Out-of-Market Visitors,78604,73409
1663,02/20,,,Residents,149388,146940
1664,02/20,,,Total,257171,250271
1665,02/21,,,Inbound Commuters,27877,31460
1666,02/21,,,Out-of-Market Visitors,93197,79969
1667,02/21,,,Residents,149633,146726
1668,02/21,,,Total,270707,258155
1669,02/22,,,Inbound Commuters,15946,29508
1670,02/22,,,Out-of-Market Visitors,91648,85196
1671,02/22,,,Residents,144527,146707
1672,02/22,,,Total,252121,261411
1673,02/23,,,Inbound Commuters,11797,28596
1674,02/23,,,Out-of-Market Visitors,71880,100556
1675,02/23,,,Residents,149783,144627
1676,02/23,,,Total,233460,273779
1677,02/24,,,Inbound Commuters,29507,15568
1678,02/24,,,Out-of-Market Visitors,67968,105942
1679,02/24,,,Residents,151522,140911
1680,02/24,,,Total,248997,262421
1681,02/25,,,Inbound Commuters,30345,12789
1682,02/25,,,Out-of-Market Visitors,75340,84735
1683,02/25,,,Residents,150518,146764
1684,02/25,,,Total,256203,244288
1685,02/26,,,Inbound Commuters,29241,29982
1686,02/26,,,Out-of-Market Visitors,78761,68790
1687,02/26,,,Residents,149893,146835
1688,02/26,,,Total,257895,245607
1689,02/27,,,Inbound Commuters,28928,30039
1690,02/27,,,Out-of-Market Visitors,85024,82503
1691,02/27,,,Residents,151381,146175
1692,02/27,,,Total,265333,258717
1693,02/28,,,Inbound Commuters,27067,31059
1694,02/28,,,Out-of-Market Visitors,97025,75918
1695,02/28,,,Residents,150326,146439
1696,02/28,,,Total,274418,253416
1697,03/01,,,Inbound Commuters,13162,28800
1698,03/01,,,Out-of-Market Visitors,95208,93646
1699,03/01,,,Residents,144733,145512
1700,03/01,,,Total,253103,267958
1701,03/02,,,Inbound Commuters,12970,14920
1702,03/02,,,Out-of-Market Visitors,85899,107220
1703,03/02,,,Residents,149234,142631
1704,03/02,,,Total,248103,264771
1705,03/03,,,Inbound Commuters,30169,13040
1706,03/03,,,Out-of-Market Visitors,76207,82903
1707,03/03,,,Residents,150036,147511
1708,03/03,,,Total,256412,243454
1709,03/04,,,Inbound Commuters,29111,30355
1710,03/04,,,Out-of-Market Visitors,70645,74443
1711,03/04,,,Residents,148438,148607
1712,03/04,,,Total,248194,253405
1713,03/05,,,Inbound Commuters,30263,30850
1714,03/05,,,Out-of-Market Visitors,80935,71306
1715,03/05,,,Residents,148488,146224
1716,03/05,,,Total,259686,248380
1717,03/06,,,Inbound Commuters,29850,31455
1718,03/06,,,Out-of-Market Visitors,82918,80800
1719,03/06,,,Residents,147875,147604
1720,03/06,,,Total,260643,259859
1721,03/07,,,Inbound Commuters,27567,30565
1722,03/07,,,Out-of-Market Visitors,99177,90706
1723,03/07,,,Residents,147655,147517
1724,03/07,,,Total,274399,268788
1725,03/08,,,Inbound Commuters,15122,28454
1726,03/08,,,Out-of-Market Visitors,102303,96067
1727,03/08,,,Residents,143147,146751
1728,03/08,,,Total,260572,271272
1729,03/09,,,Inbound Commuters,12310,15003
1730,03/09,,,Out-of-Market Visitors,85858,108678
1731,03/09,,,Residents,154418,143299
1732,03/09,,,Total,252586,266980
1733,03/10,,,Inbound Commuters,29739,14801
1734,03/10,,,Out-of-Market Visitors,72376,102894
1735,03/10,,,Residents,149357,153736
1736,03/10,,,Total,251472,271431
1737,03/11,,,Inbound Commuters,30634,29757
1738,03/11,,,Out-of-Market Visitors,80769,90312
1739,03/11,,,Residents,149530,149598
1740,03/11,,,Total,260933,269667
1741,03/12,,,Inbound Commuters,30587,30035
1742,03/12,,,Out-of-Market Visitors,88480,86886
1743,03/12,,,Residents,150846,149094
1744,03/12,,,Total,269913,266015
1745,03/13,,,Inbound Commuters,30214,30843
1746,03/13,,,Out-of-Market Visitors,93439,86769
1747,03/13,,,Residents,149962,149950
1748,03/13,,,Total,273615,267562
1749,03/14,,,Inbound Commuters,28519,30767
1750,03/14,,,Out-of-Market Visitors,116413,95446
1751,03/14,,,Residents,148700,148448
1752,03/14,,,Total,293632,274661
1753,03/15,,,Inbound Commuters,11806,27607
1754,03/15,,,Out-of-Market Visitors,72071,114036
1755,03/15,,,Residents,140572,148911
1756,03/15,,,Total,224449,290554
1757,03/16,,,Inbound Commuters,12412,14190
1758,03/16,,,Out-of-Market Visitors,92510,127153
1759,03/16,,,Residents,145659,144237
1760,03/16,,,Total,250581,285580
1761,03/17,,,Inbound Commuters,27978,10973
1762,03/17,,,Out-of-Market Visitors,74784,74419
1763,03/17,,,Residents,143812,146786
1764,03/17,,,Total,246574,232178
1765,03/18,,,Inbound Commuters,28912,27581
1766,03/18,,,Out-of-Market Visitors,72827,73402
1767,03/18,,,Residents,141047,148086
1768,03/18,,,Total,242786,249069
1769,03/19,,,Inbound Commuters,28435,29090
1770,03/19,,,Out-of-Market Visitors,79470,79320
1771,03/19,,,Residents,140317,147024
1772,03/19,,,Total,248222,255434
1773,03/20,,,Inbound Commuters,27578,29359
1774,03/20,,,Out-of-Market Visitors,81106,78893
1775,03/20,,,Residents,137981,145302
1776,03/20,,,Total,246665,253554
1777,03/21,,,Inbound Commuters,25143,30168
1778,03/21,,,Out-of-Market Visitors,109054,88815
1779,03/21,,,Residents,135994,144564
1780,03/21,,,Total,270191,263547
1781,03/22,,,Inbound Commuters,11956,27028
1782,03/22,,,Out-of-Market Visitors,111910,107220
1783,03/22,,,Residents,131035,145591
1784,03/22,,,Total,254901,279839
1785,03/23,,,Inbound Commuters,12138,14765
1786,03/23,,,Out-of-Market Visitors,92765,127263
1787,03/23,,,Residents,141584,143024
1788,03/23,,,Total,246487,285052
1789,03/24,,,Inbound Commuters,27832,12920
1790,03/24,,,Out-of-Market Visitors,79910,98348
1791,03/24,,,Residents,144409,149248
1792,03/24,,,Total,252151,260516
1793,03/25,,,Inbound Commuters,29450,27953
1794,03/25,,,Out-of-Market Visitors,78716,82762
1795,03/25,,,Residents,144646,152690
1796,03/25,,,Total,252812,263405
1797,03/26,,,Inbound Commuters,29226,27962
1798,03/26,,,Out-of-Market Visitors,81064,71086
1799,03/26,,,Residents,145318,152418
1800,03/26,,,Total,255608,251466
1801,03/27,,,Inbound Commuters,28537,29429
1802,03/27,,,Out-of-Market Visitors,89764,87737
1803,03/27,,,Residents,145547,151284
1804,03/27,,,Total,263848,268450
1805,03/28,,,Inbound Commuters,26578,28458
1806,03/28,,,Out-of-Market Visitors,119858,100672
1807,03/28,,,Residents,143756,151635
1808,03/28,,,Total,290192,280765
1809,03/29,,,Inbound Commuters,13877,23687
1810,03/29,,,Out-of-Market Visitors,108119,128237
1811,03/29,,,Residents,139197,149782
1812,03/29,,,Total,261193,301706
1813,03/30,,,Inbound Commuters,12113,12780
1814,03/30,,,Out-of-Market Visitors,85302,124162
1815,03/30,,,Residents,143526,146192
1816,03/30,,,Total,240941,283134
1817,03/31,,,Inbound Commuters,26150,12435
1818,03/31,,,Out-of-Market Visitors,66160,81184
1819,03/31,,,Residents,144648,151967
1820,03/31,,,Total,236958,245586
1821,04/01,,,Inbound Commuters,29892,30387
1822,04/01,,,Out-of-Market Visitors,79263,86498
1823,04/01,,,Residents,146141,154023
1824,04/01,,,Total,255296,270908
1825,04/02,,,Inbound Commuters,29805,31347
1826,04/02,,,Out-of-Market Visitors,79672,83334
1827,04/02,,,Residents,147097,151982
1828,04/02,,,Total,256574,266663
1829,04/03,,,Inbound Commuters,29319,31443
1830,04/03,,,Out-of-Market Visitors,89414,86082
1831,04/03,,,Residents,147187,152311
1832,04/03,,,Total,265920,269836
1833,04/04,,,Inbound Commuters,27521,31380
1834,04/04,,,Out-of-Market Visitors,117262,93184
1835,04/04,,,Residents,146646,151965
1836,04/04,,,Total,291429,276529
1837,04/05,,,Inbound Commuters,13134,29802
1838,04/05,,,Out-of-Market Visitors,110508,109122
1839,04/05,,,Residents,141054,149943
1840,04/05,,,Total,264696,288867
1841,04/06,,,Inbound Commuters,10273,17421
1842,04/06,,,Out-of-Market Visitors,69660,129286
1843,04/06,,,Residents,144714,147353
1844,04/06,,,Total,224647,294060
1845,04/07,,,Inbound Commuters,27052,13880
1846,04/07,,,Out-of-Market Visitors,69622,86627
1847,04/07,,,Residents,146669,151644
1848,04/07,,,Total,243343,252151
1849,04/08,,,Inbound Commuters,29572,30560
1850,04/08,,,Out-of-Market Visitors,76039,76212
1851,04/08,,,Residents,146854,153215
1852,04/08,,,Total,252465,259987
1853,04/09,,,Inbound Commuters,30545,30755
1854,04/09,,,Out-of-Market Visitors,81145,82850
1855,04/09,,,Residents,146069,153456
1856,04/09,,,Total,257759,267061
1857,04/10,,,Inbound Commuters,29521,29462
1858,04/10,,,Out-of-Market Visitors,87361,64896
1859,04/10,,,Residents,145463,154450
1860,04/10,,,Total,262345,248808
1861,04/11,,,Inbound Commuters,28198,30613
1862,04/11,,,Out-of-Market Visitors,106464,85265
1863,04/11,,,Residents,142486,153107
1864,04/11,,,Total,277148,268985
1865,04/12,,,Inbound Commuters,16057,29589
1866,04/12,,,Out-of-Market Visitors,107442,103371
1867,04/12,,,Residents,137911,153256
1868,04/12,,,Total,261410,286216
1869,04/13,,,Inbound Commuters,13524,14050
1870,04/13,,,Out-of-Market Visitors,84741,101230
1871,04/13,,,Residents,142754,148088
1872,04/13,,,Total,241019,263368
1873,04/14,,,Inbound Commuters,29885,13648
1874,04/14,,,Out-of-Market Visitors,75196,83595
1875,04/14,,,Residents,144058,151198
1876,04/14,,,Total,249139,248441
1877,04/15,,,Inbound Commuters,29476,30784
1878,04/15,,,Out-of-Market Visitors,78037,70534
1879,04/15,,,Residents,144358,151485
1880,04/15,,,Total,251871,252803
1881,04/16,,,Inbound Commuters,30794,31304
1882,04/16,,,Out-of-Market Visitors,85635,71844
1883,04/16,,,Residents,141836,151543
1884,04/16,,,Total,258265,254691
1885,04/17,,,Inbound Commuters,28916,30535
1886,04/17,,,Out-of-Market Visitors,94493,79385
1887,04/17,,,Residents,142376,152291
1888,04/17,,,Total,265785,262211
1889,04/18,,,Inbound Commuters,23766,30850
1890,04/18,,,Out-of-Market Visitors,99620,85360
1891,04/18,,,Residents,141212,152330
1892,04/18,,,Total,264598,268540
1893,04/19,,,Inbound Commuters,14147,28758
1894,04/19,,,Out-of-Market Visitors,94660,97487
1895,04/19,,,Residents,137406,150038
1896,04/19,,,Total,246213,276283
1897,04/20,,,Inbound Commuters,11067,14830
1898,04/20,,,Out-of-Market Visitors,77623,89628
1899,04/20,,,Residents,142257,147402
1900,04/20,,,Total,230947,251860
1901,04/21,,,Inbound Commuters,28036,12940
1902,04/21,,,Out-of-Market Visitors,77190,79380
1903,04/21,,,Residents,143728,150562
1904,04/21,,,Total,248954,242882
1905,04/22,,,Inbound Commuters,29196,27395
1906,04/22,,,Out-of-Market Visitors,79949,73160
1907,04/22,,,Residents,143969,153402
1908,04/22,,,Total,253114,253957
1909,04/23,,,Inbound Commuters,29954,30673
1910,04/23,,,Out-of-Market Visitors,82473,78728
1911,04/23,,,Residents,144620,152686
1912,04/23,,,Total,257047,262087
1913,04/24,,,Inbound Commuters,29196,31285
1914,04/24,,,Out-of-Market Visitors,92867,79510
1915,04/24,,,Residents,145048,152583
1916,04/24,,,Total,267111,263378
1917,04/25,,,Inbound Commuters,27321,30445
1918,04/25,,,Out-of-Market Visitors,98329,85805
1919,04/25,,,Residents,141318,151408
1920,04/25,,,Total,266968,267658
1921,04/26,,,Inbound Commuters,14926,26661
1922,04/26,,,Out-of-Market Visitors,92295,92094
1923,04/26,,,Residents,136687,151584
1924,04/26,,,Total,243908,270339
1925,04/27,,,Inbound Commuters,13560,14598
1926,04/27,,,Out-of-Market Visitors,83978,93398
1927,04/27,,,Residents,142798,145284
1928,04/27,,,Total,240336,253280
1929,04/28,,,Inbound Commuters,28201,12279
1930,04/28,,,Out-of-Market Visitors,76894,81382
1931,04/28,,,Residents,144754,151251
1932,04/28,,,Total,249849,244912
1933,04/29,,,Inbound Commuters,30220,29211
1934,04/29,,,Out-of-Market Visitors,85897,77997
1935,04/29,,,Residents,145384,152179
1936,04/29,,,Total,261501,259387
1937,04/30,,,Inbound Commuters,31462,31207
1938,04/30,,,Out-of-Market Visitors,85701,80744
1939,04/30,,,Residents,144181,151020
1940,04/30,,,Total,261344,262971
1941,05/01,,,Inbound Commuters,29837,30213
1942,05/01,,,Out-of-Market Visitors,99076,82280
1943,05/01,,,Residents,143086,150825
1944,05/01,,,Total,271999,263318
1945,05/02,,,Inbound Commuters,26838,30855
1946,05/02,,,Out-of-Market Visitors,113637,98784
1947,05/02,,,Residents,140574,150664
1948,05/02,,,Total,281049,280303
1949,05/03,,,Inbound Commuters,13219,28931
1950,05/03,,,Out-of-Market Visitors,91322,106596
1951,05/03,,,Residents,135647,150980
1952,05/03,,,Total,240188,286507
1953,05/04,,,Inbound Commuters,12704,15485
1954,05/04,,,Out-of-Market Visitors,85332,112399
1955,05/04,,,Residents,141391,145790
1956,05/04,,,Total,239427,273674
1957,05/05,,,Inbound Commuters,29463,12511
1958,05/05,,,Out-of-Market Visitors,84588,91056
1959,05/05,,,Residents,141685,148868
1960,05/05,,,Total,255736,252435
1961,05/06,,,Inbound Commuters,30222,28899
1962,05/06,,,Out-of-Market Visitors,80716,82602
1963,05/06,,,Residents,141867,150624
1964,05/06,,,Total,252805,262125
1965,05/07,,,Inbound Commuters,29419,29657
1966,05/07,,,Out-of-Market Visitors,76507,82351
1967,05/07,,,Residents,143326,148605
1968,05/07,,,Total,249252,260613
1969,05/08,,,Inbound Commuters,29858,30650
1970,05/08,,,Out-of-Market Visitors,84366,87590
1971,05/08,,,Residents,144963,149576
1972,05/08,,,Total,259187,267816
1973,05/09,,,Inbound Commuters,27440,29265
1974,05/09,,,Out-of-Market Visitors,96601,88051
1975,05/09,,,Residents,144191,148819
1976,05/09,,,Total,268232,266135
1977,05/10,,,Inbound Commuters,14040,26383
1978,05/10,,,Out-of-Market Visitors,95164,103171
1979,05/10,,,Residents,139800,147772
1980,05/10,,,Total,249004,277326
1981,05/11,,,Inbound Commuters,12755,14148
1982,05/11,,,Out-of-Market Visitors,85675,97314
1983,05/11,,,Residents,144414,145475
1984,05/11,,,Total,242844,256937
1985,05/12,,,Inbound Commuters,28802,12396
1986,05/12,,,Out-of-Market Visitors,72152,86205
1987,05/12,,,Residents,142511,147689
1988,05/12,,,Total,243465,246290
1989,05/13,,,Inbound Commuters,28949,27520
1990,05/13,,,Out-of-Market Visitors,75199,64979
1991,05/13,,,Residents,141539,149014
1992,05/13,,,Total,245687,241513
1993,05/14,,,Inbound Commuters,30499,28686
1994,05/14,,,Out-of-Market Visitors,75226,70685
1995,05/14,,,Residents,144094,149701
1996,05/14,,,Total,249819,249072
1997,05/15,,,Inbound Commuters,29487,29296
1998,05/15,,,Out-of-Market Visitors,90907,76391
1999,05/15,,,Residents,144023,151194
2000,05/15,,,Total,264417,256881
2001,05/16,,,Inbound Commuters,26985,29146
2002,05/16,,,Out-of-Market Visitors,96013,91706
2003,05/16,,,Residents,143853,153391
2004,05/16,,,Total,266851,274243
2005,05/17,,,Inbound Commuters,14365,24411
2006,05/17,,,Out-of-Market Visitors,87447,73965
2007,05/17,,,Residents,140471,160629
2008,05/17,,,Total,242283,259005
2009,05/18,,,Inbound Commuters,12816,12984
2010,05/18,,,Out-of-Market Visitors,79183,87648
2011,05/18,,,Residents,144730,152718
2012,05/18,,,Total,236729,253350
2013,05/19,,,Inbound Commuters,28961,11507
2014,05/19,,,Out-of-Market Visitors,79987,73497
2015,05/19,,,Residents,145433,152811
2016,05/19,,,Total,254381,237815
2017,05/20,,,Inbound Commuters,29924,27411
2018,05/20,,,Out-of-Market Visitors,77423,76855
2019,05/20,,,Residents,144845,154097
2020,05/20,,,Total,252192,258363
2021,05/21,,,Inbound Commuters,29576,28311
2022,05/21,,,Out-of-Market Visitors,89168,84461
2023,05/21,,,Residents,145650,154297
2024,05/21,,,Total,264394,267069
2025,05/22,,,Inbound Commuters,29281,28563
2026,05/22,,,Out-of-Market Visitors,92598,84122
2027,05/22,,,Residents,145385,152688
2028,05/22,,,Total,267264,265373
2029,05/23,,,Inbound Commuters,25046,28439
2030,05/23,,,Out-of-Market Visitors,109552,95934
2031,05/23,,,Residents,143346,150632
2032,05/23,,,Total,277944,275005
2033,05/24,,,Inbound Commuters,13113,25055
2034,05/24,,,Out-of-Market Visitors,91250,106884
2035,05/24,,,Residents,134353,149109
2036,05/24,,,Total,238716,281048
2037,05/25,,,Inbound Commuters,11402,11335
2038,05/25,,,Out-of-Market Visitors,84667,100192
2039,05/25,,,Residents,136609,144490
2040,05/25,,,Total,232678,256017
2041,05/26,,,Inbound Commuters,10919,10236
2042,05/26,,,Out-of-Market Visitors,69892,77679
2043,05/26,,,Residents,142241,146699
2044,05/26,,,Total,223052,234614
2045,05/27,,,Inbound Commuters,27246,8532
2046,05/27,,,Out-of-Market Visitors,72261,69905
2047,05/27,,,Residents,145227,152059
2048,05/27,,,Total,244734,230496
2049,05/28,,,Inbound Commuters,28531,27555
2050,05/28,,,Out-of-Market Visitors,76485,79286
2051,05/28,,,Residents,143719,154701
2052,05/28,,,Total,248735,261542
2053,05/29,,,Inbound Commuters,27593,29038
2054,05/29,,,Out-of-Market Visitors,75901,85246
2055,05/29,,,Residents,144372,156728
2056,05/29,,,Total,247866,271012
2057,05/30,,,Inbound Commuters,27012,29299
2058,05/30,,,Out-of-Market Visitors,91831,83697
2059,05/30,,,Residents,143700,153451
2060,05/30,,,Total,262543,266447
2061,05/31,,,Inbound Commuters,13762,26263
2062,05/31,,,Out-of-Market Visitors,100281,103193
2063,05/31,,,Residents,142365,151274
2064,05/31,,,Total,256408,280730
2065,06/01,,,Inbound Commuters,12704,12700
2066,06/01,,,Out-of-Market Visitors,93917,103570
2067,06/01,,,Residents,145954,148526
2068,06/01,,,Total,252575,264796
2069,06/02,,,Inbound Commuters,26376,12094
2070,06/02,,,Out-of-Market Visitors,80646,84206
2071,06/02,,,Residents,145798,152094
2072,06/02,,,Total,252820,248394
2073,06/03,,,Inbound Commuters,28898,26032
2074,06/03,,,Out-of-Market Visitors,80654,84505
2075,06/03,,,Residents,146612,152688
2076,06/03,,,Total,256164,263225
2077,06/04,,,Inbound Commuters,29687,31109
2078,06/04,,,Out-of-Market Visitors,80691,77464
2079,06/04,,,Residents,146243,151132
2080,06/04,,,Total,256621,259705
2081,06/05,,,Inbound Commuters,30160,30875
2082,06/05,,,Out-of-Market Visitors,87996,82268
2083,06/05,,,Residents,145967,152015
2084,06/05,,,Total,264123,265158
2085,06/06,,,Inbound Commuters,27383,31149
2086,06/06,,,Out-of-Market Visitors,100269,93212
2087,06/06,,,Residents,144086,150727
2088,06/06,,,Total,271738,275088
2089,06/07,,,Inbound Commuters,14769,28794
2090,06/07,,,Out-of-Market Visitors,96148,107332
2091,06/07,,,Residents,142246,149573
2092,06/07,,,Total,253163,285699
2093,06/08,,,Inbound Commuters,12302,15345
2094,06/08,,,Out-of-Market Visitors,75648,104790
2095,06/08,,,Residents,144352,143578
2096,06/08,,,Total,232302,263713
2097,06/09,,,Inbound Commuters,28479,12671
2098,06/09,,,Out-of-Market Visitors,77931,80526
2099,06/09,,,Residents,143879,148817
2100,06/09,,,Total,250289,242014
2101,06/10,,,Inbound Commuters,28535,29748
2102,06/10,,,Out-of-Market Visitors,79609,83222
2103,06/10,,,Residents,144345,150457
2104,06/10,,,Total,252489,263427
2105,06/11,,,Inbound Commuters,29656,30215
2106,06/11,,,Out-of-Market Visitors,81521,77266
2107,06/11,,,Residents,143643,150798
2108,06/11,,,Total,254820,258279
2109,06/12,,,Inbound Commuters,29137,30601
2110,06/12,,,Out-of-Market Visitors,92886,81787
2111,06/12,,,Residents,144447,150269
2112,06/12,,,Total,266470,262657
2113,06/13,,,Inbound Commuters,27081,30695
2114,06/13,,,Out-of-Market Visitors,100379,92527
2115,06/13,,,Residents,146270,149517
2116,06/13,,,Total,273730,272739
2117,06/14,,,Inbound Commuters,13507,28271
2118,06/14,,,Out-of-Market Visitors,116161,113045
2119,06/14,,,Residents,141915,148264
2120,06/14,,,Total,271583,289580
2121,06/15,,,Inbound Commuters,12418,14198
2122,06/15,,,Out-of-Market Visitors,91638,113547
2123,06/15,,,Residents,144236,144569
2124,06/15,,,Total,248292,272314
2125,06/16,,,Inbound Commuters,28753,12241
2126,06/16,,,Out-of-Market Visitors,88455,95837
2127,06/16,,,Residents,145210,148595
2128,06/16,,,Total,262418,256673
2129,06/17,,,Inbound Commuters,29973,30508
2130,06/17,,,Out-of-Market Visitors,94999,85712
2131,06/17,,,Residents,143747,150477
2132,06/17,,,Total,268719,266697
2133,06/18,,,Inbound Commuters,30326,31670
2134,06/18,,,Out-of-Market Visitors,94765,87728
2135,06/18,,,Residents,143988,149622
2136,06/18,,,Total,269079,269020
2137,06/19,,,Inbound Commuters,22169,24545
2138,06/19,,,Out-of-Market Visitors,94111,88408
2139,06/19,,,Residents,143082,150195
2140,06/19,,,Total,259362,263148
2141,06/20,,,Inbound Commuters,25865,29143
2142,06/20,,,Out-of-Market Visitors,104389,98674
2143,06/20,,,Residents,143268,151622
2144,06/20,,,Total,273522,279439
2145,06/21,,,Inbound Commuters,13669,28170
2146,06/21,,,Out-of-Market Visitors,117849,117071
2147,06/21,,,Residents,138303,148317
2148,06/21,,,Total,269821,293558
2149,06/22,,,Inbound Commuters,12330,14773
2150,06/22,,,Out-of-Market Visitors,100695,116290
2151,06/22,,,Residents,144833,144456
2152,06/22,,,Total,257858,275519
2153,06/23,,,Inbound Commuters,27833,12732
2154,06/23,,,Out-of-Market Visitors,83301,91158
2155,06/23,,,Residents,146049,149954
2156,06/23,,,Total,257183,253844
2157,06/24,,,Inbound Commuters,29199,29385
2158,06/24,,,Out-of-Market Visitors,83950,78944
2159,06/24,,,Residents,145450,151297
2160,06/24,,,Total,258599,259626
2161,06/25,,,Inbound Commuters,28836,30326
2162,06/25,,,Out-of-Market Visitors,91865,80225
2163,06/25,,,Residents,147350,151140
2164,06/25,,,Total,268051,261691
2165,06/26,,,Inbound Commuters,28498,30185
2166,06/26,,,Out-of-Market Visitors,89577,86944
2167,06/26,,,Residents,146407,149899
2168,06/26,,,Total,264482,267028
2169,06/27,,,Inbound Commuters,26866,28591
2170,06/27,,,Out-of-Market Visitors,111308,95514
2171,06/27,,,Residents,144940,150785
2172,06/27,,,Total,283114,274890
2173,06/28,,,Inbound Commuters,13976,25985
2174,06/28,,,Out-of-Market Visitors,120945,110004
2175,06/28,,,Residents,139464,148724
2176,06/28,,,Total,274385,284713
2177,06/29,,,Inbound Commuters,11478,12422
2178,06/29,,,Out-of-Market Visitors,88881,117964
2179,06/29,,,Residents,144941,144453
2180,06/29,,,Total,245300,274839
2181,06/30,,,Inbound Commuters,25885,11915
2182,06/30,,,Out-of-Market Visitors,89204,90038
2183,06/30,,,Residents,146939,149739
2184,06/30,,,Total,262028,251692
2185,07/01,,,Inbound Commuters,26771,28316
2186,07/01,,,Out-of-Market Visitors,88176,85869
2187,07/01,,,Residents,148163,150654
2188,07/01,,,Total,263110,264839
2189,07/02,,,Inbound Commuters,27185,28362
2190,07/02,,,Out-of-Market Visitors,97421,87408
2191,07/02,,,Residents,146253,149918
2192,07/02,,,Total,270859,265688
2193,07/03,,,Inbound Commuters,25278,27322
2194,07/03,,,Out-of-Market Visitors,115026,97770
2195,07/03,,,Residents,142421,150035
2196,07/03,,,Total,282725,275127
2197,07/04,,,Inbound Commuters,9147,10806
2198,07/04,,,Out-of-Market Visitors,67162,64130
2199,07/04,,,Residents,134401,142873
2200,07/04,,,Total,210710,217809
2201,07/05,,,Inbound Commuters,10783,18014
2202,07/05,,,Out-of-Market Visitors,99736,89000
2203,07/05,,,Residents,135540,141900
2204,07/05,,,Total,246059,248914
2205,07/06,,,Inbound Commuters,12240,12108
2206,07/06,,,Out-of-Market Visitors,103741,112198
2207,07/06,,,Residents,145247,142992
2208,07/06,,,Total,261228,267298
2209,07/07,,,Inbound Commuters,27669,11949
2210,07/07,,,Out-of-Market Visitors,83229,94084
2211,07/07,,,Residents,146961,151525
2212,07/07,,,Total,257859,257558
2213,07/08,,,Inbound Commuters,29168,27561
2214,07/08,,,Out-of-Market Visitors,82161,89006
2215,07/08,,,Residents,148193,150677
2216,07/08,,,Total,259522,267244
2217,07/09,,,Inbound Commuters,28654,28212
2218,07/09,,,Out-of-Market Visitors,87320,75003
2219,07/09,,,Residents,146312,151332
2220,07/09,,,Total,262286,254547
2221,07/10,,,Inbound Commuters,28703,28753
2222,07/10,,,Out-of-Market Visitors,91990,83106
2223,07/10,,,Residents,147086,151135
2224,07/10,,,Total,267779,262994
2225,07/11,,,Inbound Commuters,26880,29271
2226,07/11,,,Out-of-Market Visitors,103314,94581
2227,07/11,,,Residents,145600,150770
2228,07/11,,,Total,275794,274622
2229,07/12,,,Inbound Commuters,13958,26415
2230,07/12,,,Out-of-Market Visitors,112578,103369
2231,07/12,,,Residents,140455,150668
2232,07/12,,,Total,266991,280452
2233,07/13,,,Inbound Commuters,11520,12976
2234,07/13,,,Out-of-Market Visitors,90703,108984
2235,07/13,,,Residents,145025,145072
2236,07/13,,,Total,247248,267032
2237,07/14,,,Inbound Commuters,27733,12949
2238,07/14,,,Out-of-Market Visitors,81869,91481
2239,07/14,,,Residents,146431,151675
2240,07/14,,,Total,256033,256105
2241,07/15,,,Inbound Commuters,28969,28709
2242,07/15,,,Out-of-Market Visitors,84335,88178
2243,07/15,,,Residents,148136,151694
2244,07/15,,,Total,261440,268581
2245,07/16,,,Inbound Commuters,29302,29889
2246,07/16,,,Out-of-Market Visitors,80961,89944
2247,07/16,,,Residents,147736,151617
2248,07/16,,,Total,257999,271450
2249,07/17,,,Inbound Commuters,28283,29209
2250,07/17,,,Out-of-Market Visitors,79515,95273
2251,07/17,,,Residents,149015,151215
2252,07/17,,,Total,256813,275697
2253,07/18,,,Inbound Commuters,26449,29506
2254,07/18,,,Out-of-Market Visitors,102561,101917
2255,07/18,,,Residents,145579,151010
2256,07/18,,,Total,274589,282433
2257,07/19,,,Inbound Commuters,13475,28073
2258,07/19,,,Out-of-Market Visitors,117185,106215
2259,07/19,,,Residents,140889,150210
2260,07/19,,,Total,271549,284498
2261,07/20,,,Inbound Commuters,13059,13512
2262,07/20,,,Out-of-Market Visitors,89917,116035
2263,07/20,,,Residents,144331,144246
2264,07/20,,,Total,247307,273793
2265,07/21,,,Inbound Commuters,28062,12538
2266,07/21,,,Out-of-Market Visitors,85879,91067
2267,07/21,,,Residents,147105,148694
2268,07/21,,,Total,261046,252299
2269,07/22,,,Inbound Commuters,28229,28524
2270,07/22,,,Out-of-Market Visitors,82244,79990
2271,07/22,,,Residents,146279,149343
2272,07/22,,,Total,256752,257857
2273,07/23,,,Inbound Commuters,28587,29699
2274,07/23,,,Out-of-Market Visitors,88629,67139
2275,07/23,,,Residents,147808,149086
2276,07/23,,,Total,265024,245924
2277,07/24,,,Inbound Commuters,27769,28329
2278,07/24,,,Out-of-Market Visitors,90274,88470
2279,07/24,,,Residents,147862,146720
2280,07/24,,,Total,265905,263519
2281,07/25,,,Inbound Commuters,25837,28563
2282,07/25,,,Out-of-Market Visitors,103668,86994
2283,07/25,,,Residents,144807,147741
2284,07/25,,,Total,274312,263298
2285,07/26,,,Inbound Commuters,14479,27071
2286,07/26,,,Out-of-Market Visitors,110011,108242
2287,07/26,,,Residents,141748,146326
2288,07/26,,,Total,266238,281639
2289,07/27,,,Inbound Commuters,12943,14683
2290,07/27,,,Out-of-Market Visitors,87439,100002
2291,07/27,,,Residents,148007,143621
2292,07/27,,,Total,248389,258306
2293,07/28,,,Inbound Commuters,27976,13178
2294,07/28,,,Out-of-Market Visitors,84909,91321
2295,07/28,,,Residents,150786,147152
2296,07/28,,,Total,263671,251651
2297,07/29,,,Inbound Commuters,28371,27430
2298,07/29,,,Out-of-Market Visitors,80122,90006
2299,07/29,,,Residents,151021,149597
2300,07/29,,,Total,259514,267033
2301,07/30,,,Inbound Commuters,28910,28153
2302,07/30,,,Out-of-Market Visitors,82652,82616
2303,07/30,,,Residents,149360,149905
2304,07/30,,,Total,260922,260674
2305,07/31,,,Inbound Commuters,28861,29158
2306,07/31,,,Out-of-Market Visitors,91295,87172
2307,07/31,,,Residents,149979,148302
2308,07/31,,,Total,270135,264632
2309,08/01,,,Inbound Commuters,25623,30334
2310,08/01,,,Out-of-Market Visitors,100923,85816
2311,08/01,,,Residents,148204,148749
2312,08/01,,,Total,274750,264899
2313,08/02,,,Inbound Commuters,14431,27423
2314,08/02,,,Out-of-Market Visitors,112485,107371
2315,08/02,,,Residents,144178,147658
2316,08/02,,,Total,271094,282452
2317,08/03,,,Inbound Commuters,12942,14738
2318,08/03,,,Out-of-Market Visitors,88756,103208
2319,08/03,,,Residents,149217,144251
2320,08/03,,,Total,250915,262197
2321,08/04,,,Inbound Commuters,27771,12726
2322,08/04,,,Out-of-Market Visitors,81022,84668
2323,08/04,,,Residents,150849,147684
2324,08/04,,,Total,259642,245078
2325,08/05,,,Inbound Commuters,28485,29832
2326,08/05,,,Out-of-Market Visitors,69782,81475
2327,08/05,,,Residents,148749,150860
2328,08/05,,,Total,247016,262167
2329,08/06,,,Inbound Commuters,29072,30591
2330,08/06,,,Out-of-Market Visitors,77758,81245
2331,08/06,,,Residents,149944,150669
2332,08/06,,,Total,256774,262505
2333,08/07,,,Inbound Commuters,29422,30225
2334,08/07,,,Out-of-Market Visitors,84978,79626
2335,08/07,,,Residents,150716,149106
2336,08/07,,,Total,265116,258957
2337,08/08,,,Inbound Commuters,27717,30066
2338,08/08,,,Out-of-Market Visitors,96968,81326
2339,08/08,,,Residents,151615,148443
2340,08/08,,,Total,276300,259835
2341,08/09,,,Inbound Commuters,15419,29377
2342,08/09,,,Out-of-Market Visitors,103641,99331
2343,08/09,,,Residents,145887,148685
2344,08/09,,,Total,264947,277393
2345,08/10,,,Inbound Commuters,13291,15944
2346,08/10,,,Out-of-Market Visitors,85461,112494
2347,08/10,,,Residents,148758,145639
2348,08/10,,,Total,247510,274077
2349,08/11,,,Inbound Commuters,29373,13242
2350,08/11,,,Out-of-Market Visitors,76851,90138
2351,08/11,,,Residents,150872,148418
2352,08/11,,,Total,257096,251798
2353,08/12,,,Inbound Commuters,29606,30122
2354,08/12,,,Out-of-Market Visitors,70677,77314
2355,08/12,,,Residents,152352,149143
2356,08/12,,,Total,252635,256579
2357,08/13,,,Inbound Commuters,31284,29536
2358,08/13,,,Out-of-Market Visitors,77492,73827
2359,08/13,,,Residents,152613,148855
2360,08/13,,,Total,261389,252218
2361,08/14,,,Inbound Commuters,30734,29184
2362,08/14,,,Out-of-Market Visitors,82443,77477
2363,08/14,,,Residents,151634,148106
2364,08/14,,,Total,264811,254767
2365,08/15,,,Inbound Commuters,28924,29248
2366,08/15,,,Out-of-Market Visitors,102870,89486
2367,08/15,,,Residents,150520,148675
2368,08/15,,,Total,282314,267409
2369,08/16,,,Inbound Commuters,14637,28230
2370,08/16,,,Out-of-Market Visitors,108334,98033
2371,08/16,,,Residents,147709,148156
2372,08/16,,,Total,270680,274419
2373,08/17,,,Inbound Commuters,13076,14869
2374,08/17,,,Out-of-Market Visitors,78944,109399
2375,08/17,,,Residents,151937,144535
2376,08/17,,,Total,243957,268803
2377,08/18,,,Inbound Commuters,29125,13635
2378,08/18,,,Out-of-Market Visitors,72568,83401
2379,08/18,,,Residents,150876,150664
2380,08/18,,,Total,252569,247700
2381,08/19,,,Inbound Commuters,31129,30037
2382,08/19,,,Out-of-Market Visitors,68556,71821
2383,08/19,,,Residents,151368,149848
2384,08/19,,,Total,251053,251706
2385,08/20,,,Inbound Commuters,30416,29745
2386,08/20,,,Out-of-Market Visitors,70394,75461
2387,08/20,,,Residents,150851,151077
2388,08/20,,,Total,251661,256283
2389,08/21,,,Inbound Commuters,29964,30116
2390,08/21,,,Out-of-Market Visitors,87015,75893
2391,08/21,,,Residents,149071,152781
2392,08/21,,,Total,266050,258790
2393,08/22,,,Inbound Commuters,27658,30080
2394,08/22,,,Out-of-Market Visitors,84850,82950
2395,08/22,,,Residents,147195,152222
2396,08/22,,,Total,259703,265252
2397,08/23,,,Inbound Commuters,14083,29466
2398,08/23,,,Out-of-Market Visitors,90501,90289
2399,08/23,,,Residents,142606,151867
2400,08/23,,,Total,247190,271622
2401,08/24,,,Inbound Commuters,13058,14537
2402,08/24,,,Out-of-Market Visitors,74822,95840
2403,08/24,,,Residents,148426,148778
2404,08/24,,,Total,236306,259155
2405,08/25,,,Inbound Commuters,29441,13171
2406,08/25,,,Out-of-Market Visitors,73809,76474
2407,08/25,,,Residents,148516,152235
2408,08/25,,,Total,251766,241880
2409,08/26,,,Inbound Commuters,29237,29476
2410,08/26,,,Out-of-Market Visitors,76572,75678
2411,08/26,,,Residents,149143,152455
2412,08/26,,,Total,254952,257609
2413,08/27,,,Inbound Commuters,29197,31536
2414,08/27,,,Out-of-Market Visitors,74940,78832
2415,08/27,,,Residents,149010,152242
2416,08/27,,,Total,253147,262610
2417,08/28,,,Inbound Commuters,28889,31652
2418,08/28,,,Out-of-Market Visitors,80474,77296
2419,08/28,,,Residents,148201,151957
2420,08/28,,,Total,257564,260905
2421,08/29,,,Inbound Commuters,27026,30345
2422,08/29,,,Out-of-Market Visitors,97706,79085
2423,08/29,,,Residents,146554,152106
2424,08/29,,,Total,271286,261536
2425,08/30,,,Inbound Commuters,11541,27468
2426,08/30,,,Out-of-Market Visitors,84915,100325
2427,08/30,,,Residents,138384,150672
2428,08/30,,,Total,234840,278465
2429,08/31,,,Inbound Commuters,10708,12343
2430,08/31,,,Out-of-Market Visitors,82554,90588
2431,08/31,,,Residents,137454,140722
2432,08/31,,,Total,230716,243653
2433,09/01,,,Inbound Commuters,,11338
2434,09/01,,,Out-of-Market Visitors,,88026
2435,09/01,,,Residents,,141879
2436,09/01,,,Total,,241243
2437,09/02,,,Inbound Commuters,,11357
2438,09/02,,,Out-of-Market Visitors,,80035
2439,09/02,,,Residents,,151297
2440,09/02,,,Total,,242689
2441,09/03,,,Inbound Commuters,,30220
2442,09/03,,,Out-of-Market Visitors,,71047
2443,09/03,,,Residents,,151526
2444,09/03,,,Total,,252793
2445,09/04,,,Inbound Commuters,,30536
2446,09/04,,,Out-of-Market Visitors,,73992
2447,09/04,,,Residents,,152388
2448,09/04,,,Total,,256916
2449,09/05,,,Inbound Commuters,,30067
2450,09/05,,,Out-of-Market Visitors,,87776
2451,09/05,,,Residents,,151597
2452,09/05,,,Total,,269440
2453,09/06,,,Inbound Commuters,,27692
2454,09/06,,,Out-of-Market Visitors,,89552
2455,09/06,,,Residents,,151934
2456,09/06,,,Total,,269178
2457,09/07,,,Inbound Commuters,,13580
2458,09/07,,,Out-of-Market Visitors,,109280
2459,09/07,,,Residents,,149240
2460,09/07,,,Total,,272100
2461,09/08,,,Inbound Commuters,,13007
2462,09/08,,,Out-of-Market Visitors,,80413
2463,09/08,,,Residents,,152271
2464,09/08,,,Total,,245691
2465,09/09,,,Inbound Commuters,,30564
2466,09/09,,,Out-of-Market Visitors,,74162
2467,09/09,,,Residents,,153624
2468,09/09,,,Total,,258350
2469,09/10,,,Inbound Commuters,,30287
2470,09/10,,,Out-of-Market Visitors,,72210
2471,09/10,,,Residents,,152579
2472,09/10,,,Total,,255076
2473,09/11,,,Inbound Commuters,,30760
2474,09/11,,,Out-of-Market Visitors,,73202
2475,09/11,,,Residents,,152789
2476,09/11,,,Total,,256751
2477,09/12,,,Inbound Commuters,,29738
2478,09/12,,,Out-of-Market Visitors,,77903
2479,09/12,,,Residents,,152074
2480,09/12,,,Total,,259715
2481,09/13,,,Inbound Commuters,,28942
2482,09/13,,,Out-of-Market Visitors,,91476
2483,09/13,,,Residents,,151915
2484,09/13,,,Total,,272333
2485,09/14,,,Inbound Commuters,,12877
2486,09/14,,,Out-of-Market Visitors,,87252
2487,09/14,,,Residents,,147271
2488,09/14,,,Total,,247400
2489,09/15,,,Inbound Commuters,,12489
2490,09/15,,,Out-of-Market Visitors,,78307
2491,09/15,,,Residents,,151603
2492,09/15,,,Total,,242399
2493,09/16,,,Inbound Commuters,,29531
2494,09/16,,,Out-of-Market Visitors,,68117
2495,09/16,,,Residents,,153438
2496,09/16,,,Total,,251086
2497,09/17,,,Inbound Commuters,,30978
2498,09/17,,,Out-of-Market Visitors,,74974
2499,09/17,,,Residents,,151203
2500,09/17,,,Total,,257155
2501,09/18,,,Inbound Commuters,,29776
2502,09/18,,,Out-of-Market Visitors,,72563
2503,09/18,,,Residents,,150559
2504,09/18,,,Total,,252898
2505,09/19,,,Inbound Commuters,,30796
2506,09/19,,,Out-of-Market Visitors,,84070
2507,09/19,,,Residents,,151124
2508,09/19,,,Total,,265990
2509,09/20,,,Inbound Commuters,,28014
2510,09/20,,,Out-of-Market Visitors,,94486
2511,09/20,,,Residents,,150247
2512,09/20,,,Total,,272747
2513,09/21,,,Inbound Commuters,,13970
2514,09/21,,,Out-of-Market Visitors,,89708
2515,09/21,,,Residents,,145342
2516,09/21,,,Total,,249020
2517,09/22,,,Inbound Commuters,,12420
2518,09/22,,,Out-of-Market Visitors,,79677
2519,09/22,,,Residents,,150826
2520,09/22,,,Total,,242923
2521,09/23,,,Inbound Commuters,,29380
2522,09/23,,,Out-of-Market Visitors,,73191
2523,09/23,,,Residents,,152424
2524,09/23,,,Total,,254995
2525,09/24,,,Inbound Commuters,,29785
2526,09/24,,,Out-of-Market Visitors,,73991
2527,09/24,,,Residents,,151136
2528,09/24,,,Total,,254912
2529,09/25,,,Inbound Commuters,,29185
2530,09/25,,,Out-of-Market Visitors,,78141
2531,09/25,,,Residents,,151214
2532,09/25,,,Total,,258540
2533,09/26,,,Inbound Commuters,,28215
2534,09/26,,,Out-of-Market Visitors,,68662
2535,09/26,,,Residents,,152797
2536,09/26,,,Total,,249674
2537,09/27,,,Inbound Commuters,,27869
2538,09/27,,,Out-of-Market Visitors,,94698
2539,09/27,,,Residents,,152794
2540,09/27,,,Total,,275361
2541,09/28,,,Inbound Commuters,,13639
2542,09/28,,,Out-of-Market Visitors,,84521
2543,09/28,,,Residents,,145164
2544,09/28,,,Total,,243324
2545,09/29,,,Inbound Commuters,,11971
2546,09/29,,,Out-of-Market Visitors,,77501
2547,09/29,,,Residents,,150581
2548,09/29,,,Total,,240053
2549,09/30,,,Inbound Commuters,,28952
2550,09/30,,,Out-of-Market Visitors,,74630
2551,09/30,,,Residents,,151854
2552,09/30,,,Total,,255436
2553,10/01,,,Inbound Commuters,,30195
2554,10/01,,,Out-of-Market Visitors,,75597
2555,10/01,,,Residents,,151653
2556,10/01,,,Total,,257445
2557,10/02,,,Inbound Commuters,,29907
2558,10/02,,,Out-of-Market Visitors,,77957
2559,10/02,,,Residents,,150591
2560,10/02,,,Total,,258455
2561,10/03,,,Inbound Commuters,,29607
2562,10/03,,,Out-of-Market Visitors,,85942
2563,10/03,,,Residents,,151445
2564,10/03,,,Total,,266994
2565,10/04,,,Inbound Commuters,,27717
2566,10/04,,,Out-of-Market Visitors,,116727
2567,10/04,,,Residents,,152862
2568,10/04,,,Total,,297306
2569,10/05,,,Inbound Commuters,,14858
2570,10/05,,,Out-of-Market Visitors,,136398
2571,10/05,,,Residents,,148060
2572,10/05,,,Total,,299316
2573,10/06,,,Inbound Commuters,,11397
2574,10/06,,,Out-of-Market Visitors,,100199
2575,10/06,,,Residents,,152299
2576,10/06,,,Total,,263895
2577,10/07,,,Inbound Commuters,,29359
2578,10/07,,,Out-of-Market Visitors,,77097
2579,10/07,,,Residents,,151759
2580,10/07,,,Total,,258215
2581,10/08,,,Inbound Commuters,,29830
2582,10/08,,,Out-of-Market Visitors,,91088
2583,10/08,,,Residents,,151558
2584,10/08,,,Total,,272476
2585,10/09,,,Inbound Commuters,,29577
2586,10/09,,,Out-of-Market Visitors,,86351
2587,10/09,,,Residents,,150715
2588,10/09,,,Total,,266643
2589,10/10,,,Inbound Commuters,,29476
2590,10/10,,,Out-of-Market Visitors,,95077
2591,10/10,,,Residents,,151755
2592,10/10,,,Total,,276308
2593,10/11,,,Inbound Commuters,,27431
2594,10/11,,,Out-of-Market Visitors,,114376
2595,10/11,,,Residents,,149694
2596,10/11,,,Total,,291501
2597,10/12,,,Inbound Commuters,,14332
2598,10/12,,,Out-of-Market Visitors,,121408
2599,10/12,,,Residents,,143786
2600,10/12,,,Total,,279526
2601,10/13,,,Inbound Commuters,,13110
2602,10/13,,,Out-of-Market Visitors,,96474
2603,10/13,,,Residents,,147710
2604,10/13,,,Total,,257294
2605,10/14,,,Inbound Commuters,,23563
2606,10/14,,,Out-of-Market Visitors,,77193
2607,10/14,,,Residents,,149639
2608,10/14,,,Total,,250395
2609,10/15,,,Inbound Commuters,,29771
2610,10/15,,,Out-of-Market Visitors,,74353
2611,10/15,,,Residents,,149388
2612,10/15,,,Total,,253512
2613,10/16,,,Inbound Commuters,,29433
2614,10/16,,,Out-of-Market Visitors,,77456
2615,10/16,,,Residents,,150260
2616,10/16,,,Total,,257149
2617,10/17,,,Inbound Commuters,,29674
2618,10/17,,,Out-of-Market Visitors,,80609
2619,10/17,,,Residents,,150579
2620,10/17,,,Total,,260862
2621,10/18,,,Inbound Commuters,,27289
2622,10/18,,,Out-of-Market Visitors,,96958
2623,10/18,,,Residents,,149452
2624,10/18,,,Total,,273699
2625,10/19,,,Inbound Commuters,,14480
2626,10/19,,,Out-of-Market Visitors,,101469
2627,10/19,,,Residents,,143999
2628,10/19,,,Total,,259948
2629,10/20,,,Inbound Commuters,,12583
2630,10/20,,,Out-of-Market Visitors,,88001
2631,10/20,,,Residents,,147749
2632,10/20,,,Total,,248333
2633,10/21,,,Inbound Commuters,,29029
2634,10/21,,,Out-of-Market Visitors,,68083
2635,10/21,,,Residents,,149703
2636,10/21,,,Total,,246815
2637,10/22,,,Inbound Commuters,,29715
2638,10/22,,,Out-of-Market Visitors,,69854
2639,10/22,,,Residents,,149432
2640,10/22,,,Total,,249001
2641,10/23,,,Inbound Commuters,,29382
2642,10/23,,,Out-of-Market Visitors,,90007
2643,10/23,,,Residents,,148390
2644,10/23,,,Total,,267779
2645,10/24,,,Inbound Commuters,,29250
2646,10/24,,,Out-of-Market Visitors,,90899
2647,10/24,,,Residents,,147951
2648,10/24,,,Total,,268100
2649,10/25,,,Inbound Commuters,,26801
2650,10/25,,,Out-of-Market Visitors,,83827
2651,10/25,,,Residents,,147204
2652,10/25,,,Total,,257832
2653,10/26,,,Inbound Commuters,,12317
2654,10/26,,,Out-of-Market Visitors,,83121
2655,10/26,,,Residents,,140017
2656,10/26,,,Total,,235455
2657,10/27,,,Inbound Commuters,,11369
2658,10/27,,,Out-of-Market Visitors,,82875
2659,10/27,,,Residents,,148093
2660,10/27,,,Total,,242337
2661,10/28,,,Inbound Commuters,,29362
2662,10/28,,,Out-of-Market Visitors,,68062
2663,10/28,,,Residents,,151365
2664,10/28,,,Total,,248789
2665,10/29,,,Inbound Commuters,,30081
2666,10/29,,,Out-of-Market Visitors,,71457
2667,10/29,,,Residents,,149972
2668,10/29,,,Total,,251510
2669,10/30,,,Inbound Commuters,,30278
2670,10/30,,,Out-of-Market Visitors,,70602
2671,10/30,,,Residents,,150176
2672,10/30,,,Total,,251056
2673,10/31,,,Inbound Commuters,,29948
2674,10/31,,,Out-of-Market Visitors,,70507
2675,10/31,,,Residents,,150215
2676,10/31,,,Total,,250670
2677,11/01,,,Inbound Commuters,,27811
2678,11/01,,,Out-of-Market Visitors,,87633
2679,11/01,,,Residents,,150060
2680,11/01,,,Total,,265504
2681,11/02,,,Inbound Commuters,,14527
2682,11/02,,,Out-of-Market Visitors,,91416
2683,11/02,,,Residents,,147064
2684,11/02,,,Total,,253007
2685,11/03,,,Inbound Commuters,,12759
2686,11/03,,,Out-of-Market Visitors,,79610
2687,11/03,,,Residents,,154031
2688,11/03,,,Total,,246400
2689,11/04,,,Inbound Commuters,,29360
2690,11/04,,,Out-of-Market Visitors,,70982
2691,11/04,,,Residents,,153665
2692,11/04,,,Total,,254007
2693,11/05,,,Inbound Commuters,,29758
2694,11/05,,,Out-of-Market Visitors,,73505
2695,11/05,,,Residents,,154308
2696,11/05,,,Total,,257571
2697,11/06,,,Inbound Commuters,,29783
2698,11/06,,,Out-of-Market Visitors,,74310
2699,11/06,,,Residents,,152524
2700,11/06,,,Total,,256617
2701,11/07,,,Inbound Commuters,,30571
2702,11/07,,,Out-of-Market Visitors,,79843
2703,11/07,,,Residents,,151270
2704,11/07,,,Total,,261684
2705,11/08,,,Inbound Commuters,,28453
2706,11/08,,,Out-of-Market Visitors,,94425
2707,11/08,,,Residents,,150234
2708,11/08,,,Total,,273112
2709,11/09,,,Inbound Commuters,,13744
2710,11/09,,,Out-of-Market Visitors,,88583
2711,11/09,,,Residents,,145955
2712,11/09,,,Total,,248282
2713,11/10,,,Inbound Commuters,,11344
2714,11/10,,,Out-of-Market Visitors,,81577
2715,11/10,,,Residents,,150348
2716,11/10,,,Total,,243269
2717,11/11,,,Inbound Commuters,,22344
2718,11/11,,,Out-of-Market Visitors,,78858
2719,11/11,,,Residents,,152003
2720,11/11,,,Total,,253205
2721,11/12,,,Inbound Commuters,,29049
2722,11/12,,,Out-of-Market Visitors,,70158
2723,11/12,,,Residents,,150844
2724,11/12,,,Total,,250051
2725,11/13,,,Inbound Commuters,,29651
2726,11/13,,,Out-of-Market Visitors,,71135
2727,11/13,,,Residents,,150197
2728,11/13,,,Total,,250983
2729,11/14,,,Inbound Commuters,,29391
2730,11/14,,,Out-of-Market Visitors,,86566
2731,11/14,,,Residents,,149022
2732,11/14,,,Total,,264979
2733,11/15,,,Inbound Commuters,,28858
2734,11/15,,,Out-of-Market Visitors,,91529
2735,11/15,,,Residents,,147718
2736,11/15,,,Total,,268105
2737,11/16,,,Inbound Commuters,,15513
2738,11/16,,,Out-of-Market Visitors,,102765
2739,11/16,,,Residents,,144871
2740,11/16,,,Total,,263149
2741,11/17,,,Inbound Commuters,,12585
2742,11/17,,,Out-of-Market Visitors,,80481
2743,11/17,,,Residents,,147853
2744,11/17,,,Total,,240919
2745,11/18,,,Inbound Commuters,,28856
2746,11/18,,,Out-of-Market Visitors,,68185
2747,11/18,,,Residents,,150039
2748,11/18,,,Total,,247080
2749,11/19,,,Inbound Commuters,,28709
2750,11/19,,,Out-of-Market Visitors,,67881
2751,11/19,,,Residents,,149205
2752,11/19,,,Total,,245795
2753,11/20,,,Inbound Commuters,,29237
2754,11/20,,,Out-of-Market Visitors,,72814
2755,11/20,,,Residents,,148673
2756,11/20,,,Total,,250724
2757,11/21,,,Inbound Commuters,,29786
2758,11/21,,,Out-of-Market Visitors,,84717
2759,11/21,,,Residents,,148384
2760,11/21,,,Total,,262887
2761,11/22,,,Inbound Commuters,,28608
2762,11/22,,,Out-of-Market Visitors,,99588
2763,11/22,,,Residents,,148665
2764,11/22,,,Total,,276861
2765,11/23,,,Inbound Commuters,,14269
2766,11/23,,,Out-of-Market Visitors,,92462
2767,11/23,,,Residents,,141607
2768,11/23,,,Total,,248338
2769,11/24,,,Inbound Commuters,,12533
2770,11/24,,,Out-of-Market Visitors,,75435
2771,11/24,,,Residents,,146089
2772,11/24,,,Total,,234057
2773,11/25,,,Inbound Commuters,,27861
2774,11/25,,,Out-of-Market Visitors,,74908
2775,11/25,,,Residents,,147094
2776,11/25,,,Total,,249863
2777,11/26,,,Inbound Commuters,,26976
2778,11/26,,,Out-of-Market Visitors,,94554
2779,11/26,,,Residents,,146164
2780,11/26,,,Total,,267694
2781,11/27,,,Inbound Commuters,,24484
2782,11/27,,,Out-of-Market Visitors,,117071
2783,11/27,,,Residents,,143007
2784,11/27,,,Total,,284562
2785,11/28,,,Inbound Commuters,,9628
2786,11/28,,,Out-of-Market Visitors,,98710
2787,11/28,,,Residents,,138373
2788,11/28,,,Total,,246711
2789,11/29,,,Inbound Commuters,,14809
2790,11/29,,,Out-of-Market Visitors,,115487
2791,11/29,,,Residents,,135967
2792,11/29,,,Total,,266263
2793,11/30,,,Inbound Commuters,,11931
2794,11/30,,,Out-of-Market Visitors,,88241
2795,11/30,,,Residents,,139026
2796,11/30,,,Total,,239198
2797,12/01,,,Inbound Commuters,,13410
2798,12/01,,,Out-of-Market Visitors,,89405
2799,12/01,,,Residents,,148477
2800,12/01,,,Total,,251292
2801,12/02,,,Inbound Commuters,,28999
2802,12/02,,,Out-of-Market Visitors,,65287
2803,12/02,,,Residents,,148652
2804,12/02,,,Total,,242938
2805,12/03,,,Inbound Commuters,,29092
2806,12/03,,,Out-of-Market Visitors,,69874
2807,12/03,,,Residents,,146145
2808,12/03,,,Total,,245111
2809,12/04,,,Inbound Commuters,,29929
2810,12/04,,,Out-of-Market Visitors,,69121
2811,12/04,,,Residents,,145380
2812,12/04,,,Total,,244430
2813,12/05,,,Inbound Commuters,,29686
2814,12/05,,,Out-of-Market Visitors,,72527
2815,12/05,,,Residents,,144519
2816,12/05,,,Total,,246732
2817,12/06,,,Inbound Commuters,,27590
2818,12/06,,,Out-of-Market Visitors,,82509
2819,12/06,,,Residents,,145127
2820,12/06,,,Total,,255226
2821,12/07,,,Inbound Commuters,,15425
2822,12/07,,,Out-of-Market Visitors,,78961
2823,12/07,,,Residents,,142589
2824,12/07,,,Total,,236975
2825,12/08,,,Inbound Commuters,,12431
2826,12/08,,,Out-of-Market Visitors,,63731
2827,12/08,,,Residents,,145377
2828,12/08,,,Total,,221539
2829,12/09,,,Inbound Commuters,,27936
2830,12/09,,,Out-of-Market Visitors,,64185
2831,12/09,,,Residents,,145900
2832,12/09,,,Total,,238021
2833,12/10,,,Inbound Commuters,,28735
2834,12/10,,,Out-of-Market Visitors,,65556
2835,12/10,,,Residents,,147558
2836,12/10,,,Total,,241849
2837,12/11,,,Inbound Commuters,,29864
2838,12/11,,,Out-of-Market Visitors,,75230
2839,12/11,,,Residents,,147665
2840,12/11,,,Total,,252759
2841,12/12,,,Inbound Commuters,,29185
2842,12/12,,,Out-of-Market Visitors,,73586
2843,12/12,,,Residents,,147818
2844,12/12,,,Total,,250589
2845,12/13,,,Inbound Commuters,,27195
2846,12/13,,,Out-of-Market Visitors,,94379
2847,12/13,,,Residents,,148217
2848,12/13,,,Total,,269791
2849,12/14,,,Inbound Commuters,,15426
2850,12/14,,,Out-of-Market Visitors,,93110
2851,12/14,,,Residents,,144335
2852,12/14,,,Total,,252871
2853,12/15,,,Inbound Commuters,,11938
2854,12/15,,,Out-of-Market Visitors,,77356
2855,12/15,,,Residents,,146844
2856,12/15,,,Total,,236138
2857,12/16,,,Inbound Commuters,,27566
2858,12/16,,,Out-of-Market Visitors,,71564
2859,12/16,,,Residents,,149079
2860,12/16,,,Total,,248209
2861,12/17,,,Inbound Commuters,,28671
2862,12/17,,,Out-of-Market Visitors,,77607
2863,12/17,,,Residents,,146995
2864,12/17,,,Total,,253273
2865,12/18,,,Inbound Commuters,,28282
2866,12/18,,,Out-of-Market Visitors,,82078
2867,12/18,,,Residents,,148718
2868,12/18,,,Total,,259078
2869,12/19,,,Inbound Commuters,,28667
2870,12/19,,,Out-of-Market Visitors,,78230
2871,12/19,,,Residents,,146214
2872,12/19,,,Total,,253111
2873,12/20,,,Inbound Commuters,,26510
2874,12/20,,,Out-of-Market Visitors,,95002
2875,12/20,,,Residents,,148122
2876,12/20,,,Total,,269634
2877,12/21,,,Inbound Commuters,,15346
2878,12/21,,,Out-of-Market Visitors,,98680
2879,12/21,,,Residents,,143313
2880,12/21,,,Total,,257339
2881,12/22,,,Inbound Commuters,,12929
2882,12/22,,,Out-of-Market Visitors,,82091
2883,12/22,,,Residents,,144351
2884,12/22,,,Total,,239371
2885,12/23,,,Inbound Commuters,,24365
2886,12/23,,,Out-of-Market Visitors,,92635
2887,12/23,,,Residents,,142888
2888,12/23,,,Total,,259888
2889,12/24,,,Inbound Commuters,,17037
2890,12/24,,,Out-of-Market Visitors,,86981
2891,12/24,,,Residents,,140767
2892,12/24,,,Total,,244785
2893,12/25,,,Inbound Commuters,,7981
2894,12/25,,,Out-of-Market Visitors,,62141
2895,12/25,,,Residents,,136111
2896,12/25,,,Total,,206233
2897,12/26,,,Inbound Commuters,,18436
2898,12/26,,,Out-of-Market Visitors,,94938
2899,12/26,,,Residents,,139943
2900,12/26,,,Total,,253317
2901,12/27,,,Inbound Commuters,,20017
2902,12/27,,,Out-of-Market Visitors,,97704
2903,12/27,,,Residents,,141437
2904,12/27,,,Total,,259158
2905,12/28,,,Inbound Commuters,,12152
2906,12/28,,,Out-of-Market Visitors,,92062
2907,12/28,,,Residents,,141640
2908,12/28,,,Total,,245854
2909,12/29,,,Inbound Commuters,,11544
2910,12/29,,,Out-of-Market Visitors,,81076
2911,12/29,,,Residents,,142827
2912,12/29,,,Total,,235447
2913,12/30,,,Inbound Commuters,,24113
2914,12/30,,,Out-of-Market Visitors,,84108
2915,12/30,,,Residents,,143276
2916,12/30,,,Total,,251497
2917,12/31,,,Inbound Commuters,,21491
2918,12/31,,,Out-of-Market Visitors,,71778
2919,12/31,,,Residents,,141635
2920,12/31,,,Total,,234904
